<include>
	<extension name="echo">
		<condition field="destination_number" expression="^9196$">
			<action application="answer"/>
			<action application="echo"/>
		</condition>
	</extension>
	<extension name="echo">
		<condition field="destination_number" expression="^10009196$">
			<action application="answer"/>
			<action application="echo"/>
		</condition>
	</extension>
	<extension name="404">
		<condition field="destination_number" expression="^10000404$">
			<action application="hangup" data="UNALLOCATED_NUMBER" />
		</condition>
	</extension>
    <extension name="200">
		<condition field="destination_number" expression="^10000200$">
			<action application="answer"/>
			<action application="hangup"/>
		</condition>
	</extension>
    <extension name="486">
		<condition field="destination_number" expression="^10000486$">
			<action application="hangup" data="USER_BUSY" />
		</condition>
	</extension>
    <extension name="404">
		<condition field="destination_number" expression="^10000404$">
			<action application="hangup" data="UNALLOCATED_NUMBER" />
		</condition>
	</extension>
</include>
